{"cameraMode":{"drawMode":0,"name":"Shaded","section":"Shading Mode"},"sceneLighting":false,"audioPlay":false,"sceneViewState":{"showFog":false,"showMaterialUpdate":false,"showSkybox":false,"showFlares":false,"showImageEffects":false,"showParticleSystems":false},"in2DMode":false,"pivot":{"x":0.01003311201930046,"y":0.18026849627494813,"z":0.03132715821266174},"rotation":{"x":0.12410978227853775,"y":0.21577636897563935,"z":-0.027661636471748353,"w":0.9681282043457031},"size":1.014580249786377,"orthographic":false}