{"cameraMode":{"drawMode":0,"name":"Shaded","section":"Shading Mode"},"sceneLighting":false,"audioPlay":false,"sceneViewState":{"showFog":false,"showMaterialUpdate":false,"showSkybox":false,"showFlares":false,"showImageEffects":false,"showParticleSystems":false},"in2DMode":false,"pivot":{"x":0.018618177622556688,"y":0.37357813119888308,"z":-0.2590484619140625},"rotation":{"x":0.2245643138885498,"y":-0.005846826359629631,"z":0.0013474028091877699,"w":0.9744408130645752},"size":0.6704949140548706,"orthographic":false}